width,height,megapixels,exposure_L,contrast_L,clip_high_pct,clip_low_pct,cast,cast_a,cast_b,colorfulness,tilt_deg,tilt_signed_deg,n_vertical_lines,keystone,sharpness,noise_sigma,graphic_score,file,defects,listing_id,photo_id,badness,wm_score
1680,945,1.5876,56.74038314819336,24.514423370361328,0.0,0.597805447048611,3.0947304496344445,-1.9094723463058472,2.435420274734497,12.280025482177734,0.1117095947265625,0.1117095947265625,352,-0.6206915996001025,2757.7452081581578,1.3832867017193204,0.001068115234375,132206416_1999391380.jpg,,132206416,1999391380,0.0,0.1000288426876068
1400,1050,1.47,56.042816162109375,26.76175117492676,3.774388631184896,1.7168680826822915,3.614846771414867,-0.0014811482978984,3.6148464679718018,8.516021728515625,0.0767059326171875,-0.0767059326171875,116,5.898910479918992,2591.269421120944,2.3892699706825407,0.0259666442871093,121280174_1728837226.jpg,,121280174,1728837226,0.0,0.1008297950029373
1400,1050,1.47,57.26597213745117,27.58022689819336,0.2005259195963541,1.116180419921875,1.4698878782366094,1.4617286920547483,-0.1546596437692642,24.55731201171875,0.0,0.0,1,0.0,2282.574791411947,4.156512983287612,0.0176556905110677,131152856_1974234814.jpg,rumorosa,131152856,1974234814,1.1043419888584085,0.0484252013266086
1575,1050,1.65375,61.92586517333984,24.39906120300293,0.0431803623718887,1.584948069180088,1.4412345387307146,1.3769679069519043,0.425577700138092,16.797134399414062,0.329010009765625,-0.329010009765625,21,0.2992188452512061,995.925348017577,1.5734822238400046,0.0028296005673499,95480438_1172094726.jpg,,95480438,1172094726,0.0,0.0568346753716468
1575,1050,1.65375,61.69804000854492,27.62616920471191,0.0295971357979502,4.4128328605417275,1.3175557848988535,-1.0597023963928225,-0.7829329967498779,12.4287691116333,0.35406494140625,-0.35406494140625,44,1.9802464112780649,777.1742632865993,1.0704905893583996,0.005090135431918,95480438_1172094746.jpg,,95480438,1172094746,0.0,0.0892821326851844
1680,1050,1.764,55.56166458129883,26.177188873291016,0.66986083984375,0.4911804199218749,2.3901659270329203,1.7594404220581057,1.6177955865859983,19.492990493774418,0.2643890380859375,0.2643890380859375,141,-2.4236744338146536,753.4253797069169,1.2839711849330344,0.0478652954101562,131619476_1985558632.jpg,,131619476,1985558632,0.0,0.0891596227884292
1577,1050,1.65585,57.73105239868164,21.797191619873047,1.192351310483871,0.0104529417155425,4.003855559865748,-3.2260656356811523,2.3713624477386475,10.203795433044434,0.02362060546875,-0.02362060546875,25,0.081706949641197,715.8541914255801,0.8024819905831158,0.017181485978739,119234939_1669978799.jpg,dominante,119234939,1669978799,0.000963889966437,0.0714746415615081
1575,1050,1.65375,68.44863891601562,20.15945816040039,2.3034292642752563,0.2549357155929722,2.0006650077059622,1.892008662223816,-0.6503565907478333,13.120869636535645,0.2369232177734375,0.2369232177734375,34,9.650648780825328,688.1615325794486,0.3954794338229657,0.041520349103221,124542355_1814991551.jpg,,124542355,1814991551,0.0,0.072557546198368
1577,1050,1.65585,56.237056732177734,21.7424259185791,1.33697420271261,0.1887257148093841,3.6325223353296208,-3.488032817840576,1.0143202543258667,10.19469928741455,0.137969970703125,-0.137969970703125,20,-0.0847426840614666,686.9808063783797,0.7594771103196728,0.0186534892778592,119234939_1669978687.jpg,,119234939,1669978687,0.0,0.0559556409716606
1575,1050,1.65375,65.53734588623047,19.48311424255371,0.5789314147144948,0.0845019674231332,4.986062677390726,2.8133034706115723,4.116569519042969,12.89484405517578,0.0924835205078125,0.0924835205078125,51,23.66899539564958,675.2316131186174,0.5311469527430325,0.0159981812774524,124542355_1814991527.jpg,dominante,124542355,1814991527,0.2465156693476815,0.0679083317518234
1400,1050,1.47,55.49045944213867,23.491439819335938,0.241851806640625,4.795964558919271,2.679771318494829,-2.1961185932159424,1.5356553792953491,8.318930625915527,0.0,0.0,2,0.0,649.410604902257,1.080469906552937,0.0080299377441406,130920956_1968907270.jpg,,130920956,1968907270,0.0,0.0749282911419868
1486,1050,1.5603,62.20980453491211,23.257888793945312,0.0009441902624309,3.730900379834254,4.919689327868872,0.521942138671875,-4.891923904418945,11.038846969604492,0.2100448608398437,-0.2100448608398437,27,5.736106860775624,611.3816933196538,0.7164722300562262,0.0003331642783149,124114977_1831236269.jpg,dominante,124114977,1831236269,0.2299223319672179,0.0921368226408958
1680,1050,1.764,57.2230339050293,26.240739822387695,0.280303955078125,0.6121826171875,3.627689811276632,2.044638156890869,2.996596097946167,16.58249855041504,0.1015167236328125,0.1015167236328125,97,1.0263547660378325,557.6957047715574,1.0374650262894862,0.0338302612304687,131619476_1985558600.jpg,,131619476,1985558600,0.0,0.0944482237100601
1573,1050,1.65165,58.807342529296875,25.116355895996097,0.0024271290204678,0.7431297971491228,3.819626508350167,1.5798277854919434,3.4775984287261963,8.785152435302734,0.5067977905273438,0.5067977905273438,106,1.441842776804313,522.2166650703671,0.506318073546448,0.021821317616959,132194756_1999117180.jpg,,132194756,1999117180,0.0,0.0589379295706748
1573,1050,1.65165,60.63715744018555,25.69857406616211,0.0007138614766081,0.5825109649122807,3.032941241013823,0.6543979048728943,2.9615023136138916,6.502921104431152,0.03924560546875,-0.03924560546875,107,-0.113357296703507,489.1527118941085,0.4384843140864329,0.0339341191520467,132194756_1999117234.jpg,,132194756,1999117234,0.0,0.0874065980315208
1400,1050,1.47,69.79791259765625,17.842615127563477,0.1340230305989583,0.1248677571614583,5.775876066180303,2.554811477661133,5.180123805999756,18.496000289916992,0.06927490234375,-0.06927490234375,55,-4.122175574214341,476.26956791235233,0.5989807122030698,0.0078811645507812,131152856_1974234828.jpg,dominante,131152856,1974234828,0.4439690165450758,0.1053169295191764
1500,1000,1.5,55.12193298339844,22.450469970703125,0.0041464586383601,0.6605737554904831,3.3994717855974272,-1.058855414390564,3.230361223220825,7.02844762802124,0.174896240234375,-0.174896240234375,25,-6.3598033557745195,461.21977733869784,0.8884917511100451,0.004588270955344,130672544_1963291220.jpg,,130672544,1963291220,0.0,0.1061189100146293
1400,1050,1.47,64.4569320678711,24.478185653686523,0.0,3.23944091796875,3.5500878307059263,0.9758909940719604,3.413321018218994,16.486433029174805,0.3030319213867187,0.3030319213867187,36,-5.297077741501495,440.94023826341754,0.6056335903327492,0.0003903706868489,132206416_1999391402.jpg,,132206416,1999391402,0.0,0.1168284937739372
1680,945,1.5876,66.49784088134766,19.376127243041992,2.202351888020833,0.09307861328125,5.629789345889775,3.12043833732605,4.685871601104736,9.536767959594728,0.16009521484375,-0.16009521484375,78,0.8376713868901416,362.10706515991944,0.6419855924664943,0.0608334011501736,130920956_1968907302.jpg,dominante,130920956,1968907302,0.4074473364724438,0.0755102112889289
1500,1000,1.5,62.41798400878906,24.0137882232666,1.063066206076135,0.8411591782576867,2.4807997943099993,-0.429667592048645,2.443307876586914,12.925057411193848,0.32330322265625,0.32330322265625,52,4.101275205562872,344.4109126212298,0.8902743844322376,0.0126810143667642,123263297_1784417893.jpg,,123263297,1784417893,0.0,0.1059418693184852
1575,1050,1.65375,63.148895263671875,19.76844596862793,0.0519022236456808,0.4754129300878478,3.0757707042570215,-1.77057945728302,2.5150375366210938,17.133495330810547,0.33935546875,-0.33935546875,69,1.1555031033248473,305.0377947786044,0.3209927962332551,0.0028610564604685,132288562_2001045810.jpg,,132288562,2001045810,0.0,0.0770901665091514
1575,1050,1.65375,57.28450012207031,20.757057189941406,0.0002859626647144,0.1582803349194729,3.6869924434515458,1.6565040349960327,3.293919801712036,19.85551071166992,0.3283767700195312,-0.3283767700195312,61,-0.3083305500840873,302.23272771256705,0.4070025567601559,0.0026994875549048,132288562_2001045820.jpg,,132288562,2001045820,0.0,0.0800925344228744
1500,1000,1.5,56.4572868347168,25.876794815063477,3.5626658583455346,1.3630410413616398,3.810670670244851,-0.7795425057411194,3.730083703994751,8.076397895812988,0.0202865600585937,0.0202865600585937,161,-1.0001482568099147,219.71400774437564,0.4881420724795619,0.0621210994692532,130672544_1963290086.jpg,,130672544,1963290086,0.0,0.1003782153129577
1575,1050,1.65375,72.85137176513672,19.952348709106445,2.712355874816984,0.0899352580527086,3.0144372693814936,2.4652175903320312,1.734800934791565,15.108731269836426,0.20367431640625,-0.20367431640625,98,0.488246262692205,206.62705724082025,0.2531590367732347,0.0919541544655929,129773250_1941420074.jpg,,129773250,1941420074,0.0,0.0834492892026901
